{
  "ttft": {
    "min": 2.010995999997249,
    "max": 9.064309800000046,
    "avg": 4.186057976921102,
    "p50": 4.799971700005699,
    "p95": 5.8936255000007804,
    "p99": 9.064309800000046
  },
  "tpot": {
    "min": 0.0,
    "max": 0.0,
    "avg": 0.0
  },
  "tokens": {
    "min": 67,
    "max": 287,
    "avg": 118.3076923076923,
    "total": 3076
  },
  "throughput": {
    "min": 23.105946905212452,
    "max": 34.30079966853435,
    "avg": 28.618457316654148
  },
  "total_requests": 26
}