{
  "ttft": {
    "min": 1.7801459000038449,
    "max": 8.3613139000081,
    "avg": 3.2371972916670426,
    "p50": 3.6463153999939095,
    "p95": 7.715578799994546,
    "p99": 8.3613139000081
  },
  "tpot": {
    "min": 0.0,
    "max": 0.0,
    "avg": 0.0
  },
  "tokens": {
    "min": 67,
    "max": 295,
    "avg": 116.94444444444444,
    "total": 4210
  },
  "throughput": {
    "min": 33.50179441816436,
    "max": 38.23398245955394,
    "avg": 36.03698758553591
  },
  "total_requests": 36
}